City_ID,City,Lat,Lng,Max Temp,Humidity,Cloudiness,Wind Speed,Country,Description,Rain,Snow,Date
0,Chuy,-33.69,-53.46,60.85,83,3,11.27,UY,clear sky,0.0,0.0,2019-11-11 00:19:37
1,Arraial Do Cabo,-22.97,-42.02,77.0,88,75,5.82,BR,broken clouds,0.0,0.0,2019-11-11 00:19:57
2,Ushuaia,-54.81,-68.31,57.2,47,6,13.87,AR,clear sky,0.0,0.0,2019-11-11 00:19:14
3,Geraldton,49.72,-86.95,1.4,77,20,5.82,CA,few clouds,0.0,0.0,2019-11-11 00:19:35
4,Tiznit,29.7,-9.73,54.25,53,17,1.57,MA,few clouds,0.0,0.0,2019-11-11 00:19:59
5,Sitka,37.17,-99.65,55.0,46,100,9.37,US,overcast clouds,0.0,0.0,2019-11-11 00:19:50
6,Aranda De Duero,41.67,-3.69,34.95,91,56,7.76,ES,broken clouds,0.0,0.0,2019-11-11 00:21:31
7,Buchanan,5.88,-10.05,78.8,94,75,2.48,LR,broken clouds,0.0,0.0,2019-11-11 00:21:31
8,Port Alfred,-33.59,26.89,63.0,96,100,5.01,ZA,light rain,0.56,0.0,2019-11-11 00:19:28
9,Albany,42.65,-73.75,44.01,91,90,3.09,US,overcast clouds,0.0,0.0,2019-11-11 00:19:12
10,Piacabucu,-10.41,-36.43,77.09,80,42,9.71,BR,scattered clouds,0.0,0.0,2019-11-11 00:20:11
11,Portland,43.66,-70.25,44.6,45,90,6.93,US,overcast clouds,0.0,0.0,2019-11-11 00:21:02
12,Meadow Lake,54.13,-108.44,3.2,71,75,8.05,CA,broken clouds,0.0,0.0,2019-11-11 00:17:34
13,Kokopo,-4.34,152.27,82.13,79,99,13.18,PG,overcast clouds,0.0,0.0,2019-11-11 00:21:32
14,Narsaq,60.91,-46.05,33.8,80,100,32.21,GL,light snow,0.0,0.0,2019-11-11 00:19:40
15,Jimeta,9.28,12.44,81.55,34,16,2.04,NG,few clouds,0.0,0.0,2019-11-11 00:21:32
16,Salalah,17.01,54.1,75.2,69,0,4.7,OM,clear sky,0.0,0.0,2019-11-11 00:19:48
17,Cayenne,4.94,-52.33,80.6,83,80,2.24,GF,broken clouds,0.0,0.0,2019-11-11 00:18:01
18,Castro,-42.48,-73.76,55.4,82,99,5.82,CL,overcast clouds,0.0,0.0,2019-11-11 00:19:47
19,Belmonte,40.36,-7.35,50.0,96,100,4.72,PT,light rain,0.19,0.0,2019-11-11 00:21:32
20,Georgetown,6.8,-58.16,82.4,83,75,6.93,GY,broken clouds,0.0,0.0,2019-11-11 00:17:10
21,Svetlogorsk,53.14,59.15,15.8,92,77,3.44,RU,mist,0.0,0.0,2019-11-11 00:21:33
22,Mocuba,-16.84,36.99,74.05,88,68,3.67,MZ,broken clouds,0.0,0.0,2019-11-11 00:21:33
23,Hilo,19.71,-155.08,87.8,55,20,10.29,US,few clouds,0.0,0.0,2019-11-11 00:19:27
24,Fortuna,40.6,-124.16,61.0,82,1,10.29,US,clear sky,0.0,0.0,2019-11-11 00:20:16
25,Muswellbrook,-32.27,150.89,77.0,34,23,5.99,AU,few clouds,0.0,0.0,2019-11-11 00:21:33
26,Khatanga,71.98,102.47,-2.3,97,100,8.99,RU,light snow,0.0,0.31,2019-11-11 00:15:23
27,Verkhoyansk,67.55,133.39,-13.87,90,100,1.05,RU,overcast clouds,0.0,0.0,2019-11-11 00:21:33
28,Dingle,11.0,122.67,78.91,76,84,1.41,PH,broken clouds,0.0,0.0,2019-11-11 00:19:33
29,Kapaa,22.08,-159.32,80.6,94,90,10.29,US,moderate rain,0.0,0.0,2019-11-11 00:19:26
30,Mahebourg,-20.41,57.7,71.01,94,40,5.82,MU,scattered clouds,0.0,0.0,2019-11-11 00:20:01
31,Cherskiy,68.75,161.3,12.04,54,75,0.49,RU,broken clouds,0.0,0.0,2019-11-11 00:19:58
32,Bethel,60.79,-161.76,44.6,86,1,6.93,US,clear sky,0.0,0.0,2019-11-11 00:17:50
33,Auki,12.18,6.51,78.44,36,97,1.39,NG,overcast clouds,0.0,0.0,2019-11-11 00:21:34
34,Ginda,30.69,78.49,50.99,32,70,4.23,IN,broken clouds,0.0,0.0,2019-11-11 00:21:34
35,Mandurah,-32.55,115.7,66.99,63,18,13.87,AU,few clouds,0.0,0.0,2019-11-11 00:21:34
36,Rikitea,-23.12,-134.97,74.41,81,99,11.34,PF,overcast clouds,0.0,0.0,2019-11-11 00:19:24
37,Atuona,-9.8,-139.03,79.99,68,4,9.98,PF,clear sky,0.0,0.0,2019-11-11 00:19:34
38,Berlevag,70.86,29.09,32.65,71,69,16.49,NO,broken clouds,0.0,0.0,2019-11-11 00:21:35
39,Lorengau,-2.02,147.27,83.12,73,81,7.58,PG,moderate rain,4.5,0.0,2019-11-11 00:19:32
40,Cape Town,-33.93,18.42,66.99,77,21,8.05,ZA,few clouds,0.0,0.0,2019-11-11 00:19:28
41,Bluff,-23.58,149.07,84.58,14,48,9.82,AU,scattered clouds,0.0,0.0,2019-11-11 00:19:37
42,Hamilton,43.26,-79.87,42.01,91,90,4.7,CA,moderate rain,0.0,0.0,2019-11-11 00:17:01
43,Mataura,-46.19,168.86,53.01,58,100,11.01,NZ,light rain,0.31,0.0,2019-11-11 00:19:19
44,Severo-Kurilsk,50.68,156.12,30.76,84,85,19.55,RU,light snow,0.0,0.44,2019-11-11 00:19:26
45,Whitehorse,60.72,-135.06,10.99,65,20,19.46,CA,few clouds,0.0,0.0,2019-11-11 00:20:02
46,Talnakh,69.49,88.39,-11.21,83,75,8.95,RU,light shower snow,0.0,0.0,2019-11-11 00:19:35
47,Dinguiraye,11.29,-10.71,76.5,70,60,2.51,GN,broken clouds,0.0,0.0,2019-11-11 00:21:36
48,Ribeira Grande,38.52,-28.7,61.92,85,39,3.06,PT,scattered clouds,0.0,0.0,2019-11-11 00:19:28
49,Banjar,-7.37,108.54,78.8,78,34,0.81,ID,light rain,0.19,0.0,2019-11-11 00:21:36
50,Mar Del Plata,-46.43,-67.52,51.67,78,27,10.92,AR,light rain,0.44,0.0,2019-11-11 00:19:25
51,Ilulissat,69.22,-51.1,42.8,28,100,25.28,GL,overcast clouds,0.0,0.0,2019-11-11 00:20:07
52,Srednekolymsk,67.46,153.71,-3.88,95,76,5.59,RU,broken clouds,0.0,0.0,2019-11-11 00:21:22
53,Butaritari,3.07,172.79,83.91,71,98,6.6,KI,overcast clouds,0.0,0.0,2019-11-11 00:19:44
54,Batsfjord,70.63,29.72,14.0,72,20,12.75,NO,few clouds,0.0,0.0,2019-11-11 00:21:37
55,Tiksi,71.64,128.87,-10.74,96,95,0.89,RU,overcast clouds,0.0,0.0,2019-11-11 00:19:58
56,Nikolskoye,59.7,30.79,44.6,87,75,4.47,RU,broken clouds,0.0,0.0,2019-11-11 00:19:29
57,Ormara,25.21,64.64,78.57,42,66,8.23,PK,broken clouds,0.0,0.0,2019-11-11 00:21:37
58,Vila Velha,-3.71,-38.6,86.0,74,66,10.29,BR,broken clouds,0.0,0.0,2019-11-11 00:20:42
59,Goure,13.98,10.27,82.99,16,72,1.99,NE,broken clouds,0.0,0.0,2019-11-11 00:21:38
60,Saskylakh,71.97,114.09,-9.12,95,100,1.99,RU,overcast clouds,0.0,0.0,2019-11-11 00:19:50
61,Pimentel,-3.7,-45.5,80.02,71,85,3.94,BR,overcast clouds,0.0,0.0,2019-11-11 00:21:38
62,Kavieng,-2.57,150.8,81.77,70,93,3.24,PG,overcast clouds,0.0,0.0,2019-11-11 00:20:18
63,Punta Arenas,-53.16,-70.91,53.6,66,75,16.11,CL,broken clouds,0.0,0.0,2019-11-11 00:19:24
64,Dikson,73.51,80.55,10.13,95,41,8.41,RU,scattered clouds,0.0,0.0,2019-11-11 00:19:25
65,Katsuura,33.93,134.5,66.0,76,40,6.93,JP,scattered clouds,0.0,0.0,2019-11-11 00:19:50
66,Thompson,55.74,-97.86,-5.81,70,75,3.58,CA,broken clouds,0.0,0.0,2019-11-11 00:19:38
67,Jamestown,-33.21,138.6,78.49,13,0,18.3,AU,clear sky,0.0,0.0,2019-11-11 00:19:33
68,Necochea,-38.55,-58.74,55.99,89,68,5.01,AR,broken clouds,0.0,0.0,2019-11-11 00:19:32
69,Gizo,31.8,34.94,75.2,23,68,1.12,IL,broken clouds,0.0,0.0,2019-11-11 00:19:29
70,Busselton,-33.64,115.35,64.0,45,0,11.34,AU,clear sky,0.0,0.0,2019-11-11 00:19:26
71,Saurimo,-9.66,20.4,66.78,96,100,2.13,AO,light rain,0.31,0.0,2019-11-11 00:21:39
72,Ahipara,-35.17,173.16,59.0,100,100,11.16,NZ,moderate rain,3.5,0.0,2019-11-11 00:20:38
73,Inhambane,-23.87,35.38,75.36,77,61,12.46,MZ,broken clouds,0.0,0.0,2019-11-11 00:21:40
74,Sur,22.57,59.53,74.28,59,0,6.17,OM,clear sky,0.0,0.0,2019-11-11 00:21:40
75,Port Elizabeth,39.31,-74.98,52.0,80,1,4.68,US,clear sky,0.0,0.0,2019-11-11 00:19:12
76,Damavand,35.72,52.07,50.0,39,0,4.7,IR,clear sky,0.0,0.0,2019-11-11 00:21:40
77,Hillsboro,39.16,-89.49,57.0,76,1,8.05,US,clear sky,0.0,0.0,2019-11-11 00:21:40
78,College,64.86,-147.8,19.4,78,90,2.17,US,overcast clouds,0.0,0.0,2019-11-11 00:20:00
79,Esperance,-33.86,121.89,57.2,62,75,13.87,AU,broken clouds,0.0,0.0,2019-11-11 00:20:22
80,Wundanyi,-3.4,38.37,68.49,93,61,3.65,KE,broken clouds,0.0,0.0,2019-11-11 00:21:40
81,Hobart,-42.88,147.33,68.0,42,100,9.17,AU,overcast clouds,0.0,0.0,2019-11-11 00:19:18
82,Saldanha,41.42,-6.55,43.14,91,95,3.22,PT,overcast clouds,0.0,0.0,2019-11-11 00:19:51
83,Mikhaylov,54.23,39.03,45.0,87,98,4.0,RU,overcast clouds,0.0,0.0,2019-11-11 00:21:41
84,Samana,0.12,-76.97,77.0,94,75,5.82,EC,broken clouds,0.0,0.0,2019-11-11 00:21:41
85,Pimenta Bueno,-11.68,-61.19,75.22,78,86,3.33,BR,overcast clouds,0.0,0.0,2019-11-11 00:21:06
86,Provideniya,64.42,-173.23,37.4,98,90,20.13,RU,overcast clouds,0.0,0.0,2019-11-11 00:19:48
87,Birjand,32.86,59.22,41.0,30,0,10.31,IR,clear sky,0.0,0.0,2019-11-11 00:21:41
88,Dunedin,-45.87,170.5,48.0,84,100,18.99,NZ,light rain,0.0,0.0,2019-11-11 00:17:25
89,Bubaque,11.28,-15.83,83.43,71,20,11.36,GW,few clouds,0.0,0.0,2019-11-11 00:19:46
90,Puerto Maldonado,-12.59,-69.19,33.8,100,75,5.82,PE,broken clouds,0.0,0.0,2019-11-11 00:21:42
91,Kahului,20.89,-156.47,87.8,58,40,19.46,US,scattered clouds,0.0,0.0,2019-11-11 00:20:14
92,Ukwa,5.47,8.01,73.35,94,98,2.21,NG,overcast clouds,0.0,0.0,2019-11-11 00:21:42
93,Flin Flon,54.77,-101.88,5.0,71,75,8.05,CA,light snow,0.0,0.0,2019-11-11 00:19:46
94,Carnarvon,-30.97,22.13,61.45,55,28,9.78,ZA,scattered clouds,0.0,0.0,2019-11-11 00:19:12
95,Portales,34.19,-103.33,68.0,25,1,13.87,US,clear sky,0.0,0.0,2019-11-11 00:21:42
96,Nizwa,22.93,57.53,63.61,72,55,0.87,OM,light rain,0.19,0.0,2019-11-11 00:19:58
97,Qaanaaq,77.48,-69.36,-0.73,37,0,5.32,GL,clear sky,0.0,0.0,2019-11-11 00:19:26
98,Mlonggo,-6.53,110.7,86.0,72,28,16.69,ID,scattered clouds,0.0,0.0,2019-11-11 00:21:43
99,Hermanus,-34.42,19.24,66.0,88,63,8.99,ZA,broken clouds,0.0,0.0,2019-11-11 00:19:28
100,Chongoyape,-6.64,-79.39,68.0,72,53,17.22,PE,broken clouds,0.0,0.0,2019-11-11 00:21:43
101,Kavaratti,10.57,72.64,80.85,73,69,6.58,IN,broken clouds,0.0,0.0,2019-11-11 00:16:20
102,Chokurdakh,70.62,147.9,2.52,96,94,8.66,RU,overcast clouds,0.0,0.0,2019-11-11 00:19:41
103,Borogontsy,62.67,131.17,-9.64,98,68,1.72,RU,light snow,0.0,0.13,2019-11-11 00:21:44
104,Kaitangata,-46.28,169.85,51.01,55,100,13.0,NZ,overcast clouds,0.0,0.0,2019-11-11 00:15:43
105,Tuktoyaktuk,69.44,-133.03,14.0,66,5,16.11,CA,clear sky,0.0,0.0,2019-11-11 00:19:49
106,Manoel Urbano,-8.84,-69.26,75.09,91,86,2.8,BR,light rain,0.94,0.0,2019-11-11 00:21:44
107,Bria,6.54,21.99,69.37,63,28,2.59,CF,scattered clouds,0.0,0.0,2019-11-11 00:21:44
108,Bonthe,7.53,-12.5,79.09,84,0,5.75,SL,clear sky,0.0,0.0,2019-11-11 00:15:05
109,Upernavik,72.79,-56.15,26.37,63,95,10.58,GL,overcast clouds,0.0,0.0,2019-11-11 00:19:54
110,San Quintin,17.54,120.52,76.32,82,39,3.51,PH,scattered clouds,0.0,0.0,2019-11-11 00:20:36
111,Kannangad,12.31,75.11,75.2,94,75,2.24,IN,mist,0.0,0.0,2019-11-11 00:21:44
112,Te Anau,-45.41,167.72,42.75,84,86,3.4,NZ,light rain,0.44,0.0,2019-11-11 00:21:07
113,Salym,60.06,71.48,4.06,93,38,3.96,RU,scattered clouds,0.0,0.0,2019-11-11 00:21:17
114,New Norfolk,-42.78,147.06,68.0,42,100,9.17,AU,overcast clouds,0.0,0.0,2019-11-11 00:19:28
115,Pevek,69.7,170.27,11.52,75,95,1.52,RU,overcast clouds,0.0,0.0,2019-11-11 00:19:53
116,Vardo,39.62,-77.74,50.0,61,1,5.73,US,clear sky,0.0,0.0,2019-11-11 00:19:53
117,Bredasdorp,-34.53,20.04,66.0,82,100,17.22,ZA,overcast clouds,0.0,0.0,2019-11-11 00:19:39
118,Gamba,28.28,88.52,22.05,55,0,1.05,CN,clear sky,0.0,0.0,2019-11-11 00:21:45
119,Ust-Nera,64.57,143.24,-5.46,98,100,5.61,RU,overcast clouds,0.0,0.0,2019-11-11 00:21:45
120,East London,-33.02,27.91,68.2,81,100,21.41,ZA,light rain,1.13,0.0,2019-11-11 00:19:04
121,Puerto Ayora,-0.74,-90.35,75.2,69,75,13.87,EC,broken clouds,0.0,0.0,2019-11-11 00:20:05
122,Agadez,16.97,7.99,81.79,14,56,7.85,NE,broken clouds,0.0,0.0,2019-11-11 00:21:46
123,Youghal,51.95,-7.85,44.6,70,40,23.04,IE,scattered clouds,0.0,0.0,2019-11-11 00:21:46
124,Lagoa,37.14,-8.45,60.8,72,75,10.29,PT,broken clouds,0.0,0.0,2019-11-11 00:19:51
125,Saint-Pierre,48.95,4.24,42.8,100,17,6.93,FR,few clouds,0.0,0.0,2019-11-11 00:20:36
126,Sibolga,1.74,98.78,72.07,94,70,1.48,ID,broken clouds,0.0,0.0,2019-11-11 00:21:46
127,Peniche,39.36,-9.38,60.8,87,40,12.75,PT,scattered clouds,0.0,0.0,2019-11-11 00:21:47
128,Sokolov,50.18,12.64,30.99,100,0,2.24,CZ,fog,0.0,0.0,2019-11-11 00:21:47
129,Saint-Philippe,45.36,-73.48,43.0,78,90,11.41,CA,light rain,0.0,0.0,2019-11-11 00:19:39
130,Boda,4.32,17.47,72.63,78,3,3.27,CF,clear sky,0.0,0.0,2019-11-11 00:21:47
131,Villablino,42.94,-6.32,46.0,100,100,4.7,ES,light rain,2.31,0.0,2019-11-11 00:21:47
132,Terre-De-Bas,15.85,-61.64,80.6,78,1,5.82,GP,clear sky,0.0,0.0,2019-11-11 00:21:47
133,Deputatskiy,69.3,139.9,0.59,97,100,1.81,RU,overcast clouds,0.0,0.0,2019-11-11 00:19:32
134,Mount Gambier,-37.83,140.78,64.4,55,99,17.22,AU,overcast clouds,0.0,0.0,2019-11-11 00:17:34
135,Aklavik,68.22,-135.01,8.6,55,5,2.1,CA,clear sky,0.0,0.0,2019-11-11 00:20:25
136,Quelimane,-17.88,36.89,73.4,94,20,3.36,MZ,few clouds,0.0,0.0,2019-11-11 00:21:48
137,Vaini,15.34,74.49,66.13,80,0,5.03,IN,clear sky,0.0,0.0,2019-11-11 00:19:21
138,Iskateley,67.68,53.15,12.9,95,100,5.53,RU,light snow,0.0,0.69,2019-11-11 00:21:48
139,Kraslava,55.9,27.16,43.43,95,100,4.47,LV,light rain,2.06,0.0,2019-11-11 00:21:48
140,Faya,18.39,42.45,59.0,50,0,3.06,SA,clear sky,0.0,0.0,2019-11-11 00:21:48
141,Sola,-3.17,33.8,70.5,71,89,3.98,TZ,overcast clouds,0.0,0.0,2019-11-11 00:19:37
142,Gat,14.69,-16.54,77.0,53,98,2.24,SN,overcast clouds,0.0,0.0,2019-11-11 00:20:06
143,Tilichiki,60.47,166.1,24.71,96,100,5.19,RU,light snow,0.0,0.63,2019-11-11 00:21:49
144,Kodiak,39.95,-94.76,48.99,61,1,16.11,US,clear sky,0.0,0.0,2019-11-11 00:19:30
145,Kungurtug,50.6,97.53,15.67,88,100,2.15,RU,overcast clouds,0.0,0.0,2019-11-11 00:20:15
146,Doha,25.29,51.53,77.0,83,0,5.82,QA,clear sky,0.0,0.0,2019-11-11 00:15:17
147,Half Moon Bay,37.46,-122.43,75.2,63,1,5.82,US,clear sky,0.0,0.0,2019-11-11 00:20:01
148,Kenora,49.76,-94.48,12.2,78,75,2.24,CA,light snow,0.0,0.0,2019-11-11 00:21:49
149,Gambela,8.25,34.59,70.56,91,32,3.67,ET,light rain,2.12,0.0,2019-11-11 00:21:49
150,Victoria,5.28,115.24,82.4,83,75,1.12,BN,broken clouds,0.0,0.0,2019-11-11 00:19:41
151,Pisco,-13.71,-76.2,64.4,88,90,3.36,PE,overcast clouds,0.0,0.0,2019-11-11 00:15:35
152,Souillac,45.6,-0.6,41.0,93,30,5.82,FR,scattered clouds,0.0,0.0,2019-11-11 00:19:41
153,Bambous Virieux,-20.34,57.76,71.01,94,40,5.82,MU,scattered clouds,0.0,0.0,2019-11-11 00:19:47
154,Santa Lucia,41.98,12.66,57.2,81,75,9.17,IT,light rain,0.0,0.0,2019-11-11 00:21:50
155,Barrow,-38.31,-60.23,54.5,83,69,14.34,AR,broken clouds,0.0,0.0,2019-11-11 00:19:49
156,Airai,-8.93,125.41,84.38,22,10,5.95,TL,clear sky,0.0,0.0,2019-11-11 00:19:55
157,Avera,33.19,-82.53,53.6,71,1,4.07,US,clear sky,0.0,0.0,2019-11-11 00:20:03
158,Bathurst,-33.42,149.58,64.99,49,64,5.99,AU,broken clouds,0.0,0.0,2019-11-11 00:19:30
159,Naze,5.43,7.07,71.24,88,100,2.1,NG,overcast clouds,0.0,0.0,2019-11-11 00:20:09
160,Guerrero Negro,27.97,-114.04,70.39,66,90,13.09,MX,overcast clouds,0.0,0.0,2019-11-11 00:20:14
161,Longyearbyen,78.22,15.63,14.0,72,40,11.41,NO,scattered clouds,0.0,0.0,2019-11-11 00:20:01
162,Lompoc,34.64,-120.46,70.0,77,1,11.41,US,haze,0.0,0.0,2019-11-11 00:19:45
163,Donegal,54.65,-8.11,42.62,79,89,15.39,IE,light rain,1.75,0.0,2019-11-11 00:21:51
164,Ostrovnoy,68.05,39.51,23.79,89,100,11.97,RU,light snow,0.0,0.19,2019-11-11 00:20:31
165,Cabra,37.47,-4.43,57.2,50,86,4.7,ES,overcast clouds,0.0,0.0,2019-11-11 00:21:51
166,Williston,48.15,-103.62,12.2,78,40,5.82,US,light rain,0.0,0.0,2019-11-11 00:21:52
167,Manta,45.1,24.1,48.49,85,37,1.68,RO,scattered clouds,0.0,0.0,2019-11-11 00:21:52
168,Fort-Shevchenko,44.51,50.26,50.45,40,68,26.84,KZ,broken clouds,0.0,0.0,2019-11-11 00:21:52
169,Tha Chang,14.76,100.39,73.0,72,31,4.05,TH,scattered clouds,0.0,0.0,2019-11-11 00:21:52
170,Lahaina,20.87,-156.68,87.8,78,40,6.93,US,scattered clouds,0.0,0.0,2019-11-11 00:19:48
171,Baijiantan,45.63,85.18,46.29,43,100,11.9,CN,overcast clouds,0.0,0.0,2019-11-11 00:21:52
172,Champerico,16.38,-93.6,77.0,69,40,13.87,MX,scattered clouds,0.0,0.0,2019-11-11 00:20:46
173,Kijang,35.24,129.21,55.4,71,0,2.24,KR,clear sky,0.0,0.0,2019-11-11 00:21:53
174,Tsogni,-2.79,10.1,81.1,80,100,11.41,GA,moderate rain,10.19,0.0,2019-11-11 00:21:53
175,Henties Bay,-22.12,14.28,57.0,93,66,1.88,NA,broken clouds,0.0,0.0,2019-11-11 00:20:23
176,Saint George,39.45,22.34,48.2,87,0,4.29,GR,clear sky,0.0,0.0,2019-11-11 00:19:13
177,Port Hardy,50.7,-127.42,50.0,93,75,4.7,CA,broken clouds,0.0,0.0,2019-11-11 00:19:39
178,Nata,-20.21,26.19,74.59,59,90,5.95,BW,overcast clouds,0.0,0.0,2019-11-11 00:21:53
179,Antalaha,-14.9,50.28,77.41,72,100,9.98,MG,overcast clouds,0.0,0.0,2019-11-11 00:15:38
180,Hofn,64.25,-15.21,43.02,80,100,42.68,IS,light rain,0.5,0.0,2019-11-11 00:19:10
181,Ust-Uda,54.17,103.03,9.93,74,98,5.68,RU,overcast clouds,0.0,0.0,2019-11-11 00:21:54
182,Luderitz,-26.65,15.16,59.0,87,0,2.24,NA,clear sky,0.0,0.0,2019-11-11 00:19:57
183,Paamiut,61.99,-49.67,37.62,85,100,4.18,GL,overcast clouds,0.0,0.0,2019-11-11 00:20:04
184,Poitiers,46.58,0.34,41.0,100,27,5.82,FR,scattered clouds,0.0,0.0,2019-11-11 00:21:54
185,Straumen,63.87,11.3,24.01,73,75,6.93,NO,broken clouds,0.0,0.0,2019-11-11 00:21:54
186,Hasaki,35.73,140.83,60.8,93,75,6.93,JP,mist,0.0,0.0,2019-11-11 00:19:56
187,Vangaindrano,-23.35,47.6,70.36,96,100,2.15,MG,light rain,0.25,0.0,2019-11-11 00:21:55
188,Cascais,38.7,-9.42,61.0,87,40,12.75,PT,moderate rain,0.0,0.0,2019-11-11 00:21:55
189,Seoul,37.57,126.98,53.6,93,20,1.12,KR,light rain,0.0,0.0,2019-11-11 00:21:55
190,Kingaroy,-26.54,151.84,82.99,36,0,8.05,AU,clear sky,0.0,0.0,2019-11-11 00:21:55
191,Cedar City,37.68,-113.06,61.0,12,1,5.82,US,clear sky,0.0,0.0,2019-11-11 00:18:41
192,Dabat,12.98,37.77,59.67,74,100,3.94,ET,light rain,0.44,0.0,2019-11-11 00:21:55
193,Setaka,33.15,130.47,68.0,82,40,1.12,JP,scattered clouds,0.0,0.0,2019-11-11 00:21:55
194,Muroto,33.37,134.14,60.8,77,75,9.17,JP,broken clouds,0.0,0.0,2019-11-11 00:21:56
195,Bilma,18.69,12.92,76.41,16,60,7.29,NE,broken clouds,0.0,0.0,2019-11-11 00:20:31
196,Faanui,-16.48,-151.75,80.06,77,92,11.14,PF,moderate rain,3.56,0.0,2019-11-11 00:20:20
197,Norman Wells,65.28,-126.83,6.8,77,5,3.62,CA,clear sky,0.0,0.0,2019-11-11 00:19:37
198,Coihaique,-45.58,-72.07,59.0,67,20,3.36,CL,few clouds,0.0,0.0,2019-11-11 00:20:26
199,Nicoya,10.15,-85.45,82.4,65,75,8.05,CR,broken clouds,0.0,0.0,2019-11-11 00:21:56
200,Celestun,20.87,-90.4,79.66,79,0,18.95,MX,clear sky,0.0,0.0,2019-11-11 00:21:57
201,Tasiilaq,65.61,-37.64,39.2,80,100,54.13,GL,light rain,0.0,0.0,2019-11-11 00:19:26
202,Gisborne,-38.66,178.02,73.0,37,1,11.99,NZ,clear sky,0.0,0.0,2019-11-11 00:21:57
203,Abha,18.22,42.5,59.0,50,0,1.16,SA,clear sky,0.0,0.0,2019-11-11 00:20:01
204,Kruisfontein,-34.0,24.73,63.07,85,92,17.36,ZA,overcast clouds,0.0,0.0,2019-11-11 00:19:44
205,Mandan,46.83,-100.89,10.4,78,90,10.29,US,overcast clouds,0.0,0.0,2019-11-11 00:21:57
206,Khuzhir,53.19,107.35,16.34,58,99,10.78,RU,overcast clouds,0.0,0.0,2019-11-11 00:21:57
207,Pangnirtung,66.15,-65.72,16.18,61,96,10.18,CA,overcast clouds,0.0,0.0,2019-11-11 00:19:20
208,Kyzyl-Suu,42.34,78.0,33.73,82,100,7.23,KG,snow,0.0,3.12,2019-11-11 00:21:58
209,Cabo San Lucas,22.89,-109.91,82.99,51,75,3.36,MX,broken clouds,0.0,0.0,2019-11-11 00:18:48
210,Hithadhoo,-0.6,73.08,82.67,71,90,7.85,MV,overcast clouds,0.0,0.0,2019-11-11 00:19:26
211,Yulara,-25.24,130.99,84.2,7,42,8.05,AU,scattered clouds,0.0,0.0,2019-11-11 00:21:08
212,Gorontalo,0.54,123.06,83.26,65,44,1.39,ID,scattered clouds,0.0,0.0,2019-11-11 00:21:13
213,Ambilobe,-13.19,49.05,71.94,84,61,6.51,MG,broken clouds,0.0,0.0,2019-11-11 00:20:41
214,Galesong,-5.32,119.37,80.6,78,20,4.7,ID,few clouds,0.0,0.0,2019-11-11 00:21:58
215,Araouane,18.9,-3.53,76.3,13,100,11.99,ML,overcast clouds,0.0,0.0,2019-11-11 00:19:34
216,Almaznyy,48.03,40.04,46.4,93,75,11.18,RU,broken clouds,0.0,0.0,2019-11-11 00:21:59
217,Ayna,38.55,-2.07,39.2,80,16,11.41,ES,few clouds,0.0,0.0,2019-11-11 00:21:59
218,Manzhouli,49.6,117.43,16.86,47,0,17.69,CN,clear sky,0.0,0.0,2019-11-11 00:20:30
219,Lubango,-14.92,13.49,59.74,92,98,4.32,AO,moderate rain,3.56,0.0,2019-11-11 00:21:59
220,Lebu,8.96,38.73,50.61,75,37,1.61,ET,scattered clouds,0.0,0.0,2019-11-11 00:19:29
221,Fort Morgan,40.25,-103.8,57.2,39,40,5.82,US,scattered clouds,0.0,0.0,2019-11-11 00:21:59
222,Popondetta,-8.77,148.24,69.62,91,99,2.08,PG,light rain,0.69,0.0,2019-11-11 00:21:59
223,Rawson,-43.3,-65.11,52.99,75,50,15.35,AR,scattered clouds,0.0,0.0,2019-11-11 00:20:22
224,Charyshskoye,51.4,83.56,7.45,95,99,2.26,RU,overcast clouds,0.0,0.0,2019-11-11 00:22:00
225,Pedasi,7.53,-80.03,79.99,83,99,9.86,PA,light rain,2.44,0.0,2019-11-11 00:22:00
226,Leningradskiy,69.38,178.42,16.97,68,58,8.01,RU,broken clouds,0.0,0.0,2019-11-11 00:19:50
227,Stokmarknes,68.56,14.91,24.01,59,0,5.99,NO,clear sky,0.0,0.0,2019-11-11 00:22:00
228,Vila,45.18,8.4,46.0,100,94,5.82,IT,overcast clouds,0.0,0.0,2019-11-11 00:20:16
229,Bathsheba,13.22,-59.52,82.4,78,20,17.22,BB,few clouds,0.0,0.0,2019-11-11 00:20:14
230,Teguise,29.06,-13.56,68.0,72,40,19.46,ES,scattered clouds,0.0,0.0,2019-11-11 00:22:00
231,Grande-Synthe,51.01,2.3,43.0,93,57,4.7,FR,mist,0.0,0.0,2019-11-11 00:22:00
232,Livenka,50.74,40.23,38.89,95,11,6.22,RU,few clouds,0.0,0.0,2019-11-11 00:22:01
233,Boquete,8.78,-82.43,80.6,83,40,3.36,PA,scattered clouds,0.0,0.0,2019-11-11 00:22:01
234,Hualmay,-11.1,-77.61,62.82,83,0,3.29,PE,clear sky,0.0,0.0,2019-11-11 00:20:45
235,Kwinana,-32.25,115.77,68.0,63,31,13.87,AU,scattered clouds,0.0,0.0,2019-11-11 00:22:02
236,Grindavik,63.84,-22.43,44.6,75,90,46.08,IS,light rain,0.0,0.0,2019-11-11 00:19:57
237,Martapura,-3.41,114.85,81.68,71,67,3.2,ID,broken clouds,0.0,0.0,2019-11-11 00:22:03
238,Iqaluit,63.75,-68.52,3.2,77,75,8.05,CA,broken clouds,0.0,0.0,2019-11-11 00:19:41
239,Waseca,44.08,-93.51,24.8,79,90,12.75,US,light snow,0.0,0.0,2019-11-11 00:22:03
240,Kenai,60.55,-151.26,39.99,64,20,12.75,US,few clouds,0.0,0.0,2019-11-11 00:22:03
241,Uribia,11.71,-72.27,79.47,80,97,4.47,CO,light rain,0.19,0.0,2019-11-11 00:21:04
242,Emerald,-23.53,148.16,84.99,17,45,5.82,AU,scattered clouds,0.0,0.0,2019-11-11 00:19:58
243,Ola,59.58,151.3,19.42,63,84,7.63,RU,broken clouds,0.0,0.0,2019-11-11 00:22:03
244,Botshabelo,-29.23,26.73,57.2,62,2,4.7,ZA,clear sky,0.0,0.0,2019-11-11 00:22:04
245,Mangrol,25.33,76.51,68.54,51,0,3.56,IN,clear sky,0.0,0.0,2019-11-11 00:22:04
246,Puerto Escondido,15.86,-97.07,86.0,70,40,0.89,MX,scattered clouds,0.0,0.0,2019-11-11 00:22:04
247,Ayagoz,47.96,80.43,14.79,79,49,15.52,KZ,scattered clouds,0.0,0.0,2019-11-11 00:22:04
248,Parfenyevo,58.48,43.41,37.33,96,100,10.02,RU,light rain,0.31,0.0,2019-11-11 00:22:04
249,Conchas,-23.02,-48.01,72.36,85,98,6.4,BR,light rain,1.81,0.0,2019-11-11 00:22:04
250,San Patricio,-26.98,-56.83,74.05,73,23,9.6,PY,few clouds,0.0,0.0,2019-11-11 00:20:09
251,Kars,40.61,43.1,23.0,92,2,1.12,TR,clear sky,0.0,0.0,2019-11-11 00:22:05
252,Nanortalik,60.14,-45.24,30.79,89,100,52.68,GL,snow,0.0,2.69,2019-11-11 00:19:56
253,Ucluelet,48.94,-125.55,52.0,100,90,2.24,CA,overcast clouds,0.0,0.0,2019-11-11 00:20:57
254,Khuzdar,27.8,66.62,52.3,29,79,2.53,PK,broken clouds,0.0,0.0,2019-11-11 00:22:05
255,Turtas,58.94,69.13,12.4,93,99,5.01,RU,overcast clouds,0.0,0.0,2019-11-11 00:22:05
256,Muriti,-1.99,32.93,73.4,83,20,4.9,TZ,few clouds,0.0,0.0,2019-11-11 00:22:05
257,Casian,44.5,28.48,61.0,100,20,8.05,RO,few clouds,0.0,0.0,2019-11-11 00:22:06
258,Goba,7.01,39.97,48.83,92,30,2.48,ET,scattered clouds,0.0,0.0,2019-11-11 00:22:06
259,Coquimbo,-29.95,-71.34,57.2,87,0,6.93,CL,clear sky,0.0,0.0,2019-11-11 00:19:52
260,Leh,34.16,77.58,11.77,51,63,5.88,IN,broken clouds,0.0,0.0,2019-11-11 00:18:29
261,Northam,-31.65,116.67,66.2,55,0,12.75,AU,clear sky,0.0,0.0,2019-11-11 00:22:06
262,Oranjemund,-28.55,16.43,58.57,85,17,7.2,ZA,few clouds,0.0,0.0,2019-11-11 00:19:43
263,Arkhangelsk,64.54,40.54,28.4,100,90,6.71,RU,light snow,0.0,0.0,2019-11-11 00:22:06
264,Yellowknife,62.45,-114.38,10.4,72,40,4.7,CA,scattered clouds,0.0,0.0,2019-11-11 00:18:02
265,Menongue,-14.66,17.68,62.83,95,93,1.99,AO,overcast clouds,0.0,0.0,2019-11-11 00:22:07
266,Luanda,-8.83,13.24,80.6,78,40,5.82,AO,scattered clouds,0.0,0.0,2019-11-11 00:22:07
267,Tigil,57.8,158.67,31.03,94,96,10.74,RU,light snow,0.0,0.69,2019-11-11 00:22:07
268,Rundu,-17.91,19.77,73.4,56,100,3.36,NA,light rain,0.31,0.0,2019-11-11 00:22:07
269,Sangar,63.92,127.47,-4.46,96,100,11.25,RU,overcast clouds,0.0,0.0,2019-11-11 00:17:24
270,Muisne,0.61,-80.02,77.0,88,90,8.05,EC,overcast clouds,0.0,0.0,2019-11-11 00:22:07
271,Sao Filipe,14.9,-24.5,74.62,81,82,17.65,CV,broken clouds,0.0,0.0,2019-11-11 00:22:07
272,Trinidad,-14.83,-64.9,73.4,94,90,4.7,BO,light rain,0.0,0.0,2019-11-11 00:22:08
273,Wanning,48.64,13.53,37.99,93,75,3.36,AT,broken clouds,0.0,0.0,2019-11-11 00:20:22
274,Butembo,0.12,29.29,61.03,94,100,3.53,CD,light rain,0.13,0.0,2019-11-11 00:22:08
275,Taboga,46.27,13.11,46.0,87,23,4.7,IT,few clouds,0.0,0.0,2019-11-11 00:22:08
276,Banganapalle,15.32,78.23,69.6,81,38,3.69,IN,scattered clouds,0.0,0.0,2019-11-11 00:22:08
277,Qaqortoq,60.72,-46.03,33.8,80,100,32.21,GL,light snow,0.0,0.0,2019-11-11 00:20:53
278,Maceio,-9.67,-35.74,77.0,83,20,9.17,BR,few clouds,0.0,0.0,2019-11-11 00:22:08
279,Plouzane,48.38,-4.62,50.0,87,100,9.17,FR,light rain,0.44,0.0,2019-11-11 00:22:08
280,Hervey Bay,-25.3,152.85,88.0,22,0,8.05,AU,clear sky,0.0,0.0,2019-11-11 00:22:09
281,Puerto Carreno,6.19,-67.49,84.2,70,20,4.99,CO,few clouds,0.0,0.0,2019-11-11 00:22:09
282,Mount Pleasant,33.16,-94.97,68.0,63,1,5.82,US,clear sky,0.0,0.0,2019-11-11 00:21:17
283,Jacareacanga,-6.22,-57.76,75.88,90,92,1.12,BR,light rain,2.75,0.0,2019-11-11 00:18:58
284,Itupiranga,-5.13,-49.33,82.4,78,86,3.36,BR,light rain,0.38,0.0,2019-11-11 00:22:09
285,Sambava,-14.27,50.17,68.49,92,100,2.57,MG,overcast clouds,0.0,0.0,2019-11-11 00:22:09
286,Tongzi,28.78,105.09,60.15,74,26,3.06,CN,scattered clouds,0.0,0.0,2019-11-11 00:22:09
287,Jardim,-21.48,-56.15,74.86,87,89,2.1,BR,moderate rain,6.0,0.0,2019-11-11 00:22:10
288,Honningsvag,70.98,25.97,32.59,72,62,16.62,NO,broken clouds,0.0,0.0,2019-11-11 00:19:53
289,Kouango,4.99,19.98,72.82,71,21,1.3,CF,few clouds,0.0,0.0,2019-11-11 00:22:10
290,Kirkuk,35.47,44.4,62.49,16,0,8.01,IQ,clear sky,0.0,0.0,2019-11-11 00:22:10
291,Nusaybin,37.08,41.21,57.2,44,0,13.87,TR,clear sky,0.0,0.0,2019-11-11 00:22:10
292,Hay River,60.82,-115.79,6.8,65,20,8.05,CA,few clouds,0.0,0.0,2019-11-11 00:20:09
293,Dumka,24.27,87.25,67.64,86,0,3.69,IN,clear sky,0.0,0.0,2019-11-11 00:22:10
294,Ponta Do Sol,-20.63,-46.0,70.9,83,94,4.76,BR,overcast clouds,0.0,0.0,2019-11-11 00:19:25
295,Santa Clara,22.41,-79.97,75.2,78,40,6.93,CU,scattered clouds,0.0,0.0,2019-11-11 00:22:11
296,Bosaso,11.28,49.18,80.31,73,0,16.51,SO,clear sky,0.0,0.0,2019-11-11 00:17:58
297,Klaksvik,62.23,-6.59,37.4,74,100,26.4,FO,light snow,0.0,0.31,2019-11-11 00:19:39
298,Mabaruma,8.2,-59.78,75.11,98,79,2.21,GY,broken clouds,0.0,0.0,2019-11-11 00:22:11
299,Maniitsoq,65.42,-52.9,36.91,60,98,10.02,GL,overcast clouds,0.0,0.0,2019-11-11 00:22:11
300,Channel-Port Aux Basques,47.57,-59.14,42.91,66,75,25.3,CA,broken clouds,0.0,0.0,2019-11-11 00:22:11
301,Barra Do Garcas,-15.89,-52.26,73.98,90,96,3.8,BR,light rain,2.56,0.0,2019-11-11 00:22:11
302,Constitucion,23.99,-104.67,77.0,23,75,8.05,MX,broken clouds,0.0,0.0,2019-11-11 00:19:37
303,Kpandae,8.46,-0.01,79.47,67,100,5.35,GH,overcast clouds,0.0,0.0,2019-11-11 00:22:12
304,Yar-Sale,66.83,70.83,-7.86,98,0,8.28,RU,clear sky,0.0,0.0,2019-11-11 00:20:08
305,Lubumbashi,-11.66,27.48,65.26,67,66,2.68,CD,broken clouds,0.0,0.0,2019-11-11 00:22:12
306,Sao Felix Do Xingu,-6.64,-51.99,74.61,93,100,2.59,BR,light rain,1.19,0.0,2019-11-11 00:22:12
307,Sinnamary,5.38,-52.96,81.73,84,61,15.37,GF,broken clouds,0.0,0.0,2019-11-11 00:20:09
308,Songea,-10.68,35.65,71.6,78,20,18.34,TZ,few clouds,0.0,0.0,2019-11-11 00:20:08
309,Westport,41.14,-73.36,52.0,61,20,3.36,US,few clouds,0.0,0.0,2019-11-11 00:22:13
310,Fairbanks,64.84,-147.72,19.4,78,90,1.23,US,overcast clouds,0.0,0.0,2019-11-11 00:17:09
311,Carauari,-4.88,-66.9,76.19,91,77,2.28,BR,light rain,0.75,0.0,2019-11-11 00:22:13
312,Mbour,14.41,-16.97,77.0,83,87,14.99,SN,overcast clouds,0.0,0.0,2019-11-11 00:22:13
313,Laguna,16.17,-88.94,84.2,70,75,4.7,BZ,broken clouds,0.0,0.0,2019-11-11 00:22:13
314,Neuquen,-38.95,-68.06,57.2,76,75,5.82,AR,broken clouds,0.0,0.0,2019-11-11 00:22:13
315,Mutis,6.23,-77.4,80.35,81,54,5.82,CO,light rain,0.94,0.0,2019-11-11 00:22:13
316,Beian,63.66,9.57,26.6,68,40,11.41,NO,scattered clouds,0.0,0.0,2019-11-11 00:22:14
317,Port Blair,11.67,92.75,81.36,70,0,2.01,IN,clear sky,0.0,0.0,2019-11-11 00:22:14
318,Najran,17.54,44.22,64.4,36,0,3.71,SA,clear sky,0.0,0.0,2019-11-11 00:22:14
319,Kalachinsk,55.05,74.58,15.6,57,33,0.72,RU,scattered clouds,0.0,0.0,2019-11-11 00:22:14
320,Maumere,-8.63,122.22,82.51,60,86,3.29,ID,overcast clouds,0.0,0.0,2019-11-11 00:21:03
321,Bowen,-20.01,148.25,86.0,51,0,3.36,AU,clear sky,0.0,0.0,2019-11-11 00:20:24
322,Selma,32.41,-87.02,54.0,53,1,4.7,US,clear sky,0.0,0.0,2019-11-11 00:22:15
323,Ancud,-41.87,-73.83,55.4,82,100,5.82,CL,overcast clouds,0.0,0.0,2019-11-11 00:16:24
324,Nabire,-3.36,135.5,85.73,56,96,0.54,ID,overcast clouds,0.0,0.0,2019-11-11 00:22:15
325,Casa Grande,-7.74,-79.19,64.4,82,40,9.17,PE,scattered clouds,0.0,0.0,2019-11-11 00:22:15
326,Kota Kinabalu,5.98,116.07,82.99,78,75,5.82,MY,broken clouds,0.0,0.0,2019-11-11 00:22:15
327,Xuzhou,34.27,117.18,53.91,33,0,2.89,CN,clear sky,0.0,0.0,2019-11-11 00:22:15
328,Tabou,4.42,-7.36,76.23,94,3,2.35,CI,clear sky,0.0,0.0,2019-11-11 00:20:06
329,Taitung,22.76,121.15,71.6,60,20,5.82,TW,few clouds,0.0,0.0,2019-11-11 00:22:15
330,Tuatapere,-46.13,167.69,53.01,58,100,11.01,NZ,light rain,0.44,0.0,2019-11-11 00:19:32
331,Merauke,-8.49,140.4,77.34,87,100,4.5,ID,overcast clouds,0.0,0.0,2019-11-11 00:22:16
332,Ailigandi,9.23,-78.02,74.21,97,94,1.03,PA,light rain,2.56,0.0,2019-11-11 00:22:16
333,Puerto Del Rosario,28.5,-13.86,68.0,68,75,25.28,ES,broken clouds,0.0,0.0,2019-11-11 00:22:16
334,Awjilah,29.14,21.3,67.78,71,100,5.84,LY,overcast clouds,0.0,0.0,2019-11-11 00:19:57
335,Wakkanai,45.41,141.67,42.8,81,40,9.17,JP,scattered clouds,0.0,0.0,2019-11-11 00:22:16
336,Acapulco,16.86,-99.88,86.0,79,40,6.93,MX,scattered clouds,0.0,0.0,2019-11-11 00:22:17
337,Cidreira,-30.17,-50.22,69.67,85,98,16.64,BR,light rain,1.69,0.0,2019-11-11 00:19:33
338,Camacha,33.08,-16.33,66.2,68,40,10.29,PT,scattered clouds,0.0,0.0,2019-11-11 00:20:41
339,Evensk,61.92,159.24,25.92,95,100,6.51,RU,snow,0.0,3.44,2019-11-11 00:19:35
340,Ketchikan,55.34,-131.65,46.4,87,90,6.93,US,overcast clouds,0.0,0.0,2019-11-11 00:19:34
341,Namibe,-15.19,12.15,77.59,83,53,4.34,AO,broken clouds,0.0,0.0,2019-11-11 00:20:43
342,Olinda,-37.84,145.39,78.01,28,28,23.04,AU,scattered clouds,0.0,0.0,2019-11-11 00:22:17
343,Casper,42.87,-106.31,21.99,79,90,19.46,US,overcast clouds,0.0,0.0,2019-11-11 00:22:18
344,Cabadiangan,10.45,123.98,82.4,74,75,2.24,PH,broken clouds,0.0,0.0,2019-11-11 00:22:18
345,Alice Springs,-23.7,133.88,84.2,7,56,1.12,AU,broken clouds,0.0,0.0,2019-11-11 00:18:37
346,Tomatlan,19.93,-105.25,77.0,93,0,4.07,MX,light rain,1.38,0.0,2019-11-11 00:22:18
347,Malaya Vishera,58.85,32.22,44.76,97,100,3.76,RU,overcast clouds,0.0,0.0,2019-11-11 00:22:18
348,Kloulklubed,7.04,134.26,84.2,79,75,9.17,PW,broken clouds,0.0,0.0,2019-11-11 00:20:18
349,Samarai,-10.62,150.67,79.32,70,94,7.76,PG,overcast clouds,0.0,0.0,2019-11-11 00:22:18
350,Caravelas,-17.73,-39.27,72.59,92,79,8.01,BR,broken clouds,0.0,0.0,2019-11-11 00:19:24
351,Santa Catalina,-33.79,-57.49,61.0,74,0,1.01,UY,clear sky,0.0,0.0,2019-11-11 00:22:18
352,Itarema,-2.92,-39.92,77.67,77,97,10.27,BR,overcast clouds,0.0,0.0,2019-11-11 00:20:21
353,Tazovskiy,67.47,78.7,-0.71,95,79,12.66,RU,broken clouds,0.0,0.0,2019-11-11 00:19:56
354,Yeppoon,-23.13,150.74,87.8,18,0,8.05,AU,clear sky,0.0,0.0,2019-11-11 00:22:19
355,Bingol,38.88,40.49,40.69,29,0,4.05,TR,clear sky,0.0,0.0,2019-11-11 00:22:19
356,Tshikapa,-6.42,20.79,69.6,98,100,2.82,CD,moderate rain,3.5,0.0,2019-11-11 00:22:19
357,Greenville,34.85,-82.4,57.2,58,1,4.7,US,clear sky,0.0,0.0,2019-11-11 00:18:30
358,Bilibino,68.06,166.44,17.74,54,84,4.83,RU,broken clouds,0.0,0.0,2019-11-11 00:22:20
359,Manacor,39.57,3.21,54.0,93,40,3.36,ES,scattered clouds,0.0,0.0,2019-11-11 00:22:20
360,Bud,62.91,6.91,26.6,73,5,9.17,NO,clear sky,0.0,0.0,2019-11-11 00:22:20
361,Tromso,69.65,18.96,19.4,79,40,5.82,NO,scattered clouds,0.0,0.0,2019-11-11 00:19:38
362,Karratha,-20.74,116.85,80.87,53,0,9.57,AU,clear sky,0.0,0.0,2019-11-11 00:20:19
363,Mokrous,51.24,47.51,34.61,91,19,7.38,RU,few clouds,0.0,0.0,2019-11-11 00:22:20
364,Don Sak,9.32,99.69,80.6,74,40,2.24,TH,scattered clouds,0.0,0.0,2019-11-11 00:22:21
365,Salinas,36.67,-121.66,75.0,72,1,12.75,US,clear sky,0.0,0.0,2019-11-11 00:19:11
366,Constantine,36.36,6.61,42.8,87,90,9.17,DZ,overcast clouds,0.0,0.0,2019-11-11 00:22:21
367,Launceston,-41.43,147.14,59.0,62,75,20.8,AU,broken clouds,0.0,0.0,2019-11-11 00:22:21
368,Dezhou,37.45,116.31,49.53,38,0,3.96,CN,clear sky,0.0,0.0,2019-11-11 00:22:21
369,Nome,30.04,-94.42,66.99,77,1,3.36,US,clear sky,0.0,0.0,2019-11-11 00:20:41
370,Sanpaul,46.45,24.35,50.0,87,92,3.8,RO,light intensity shower rain,0.0,0.0,2019-11-11 00:22:21
371,Kidal,18.44,1.41,75.7,14,87,10.16,ML,overcast clouds,0.0,0.0,2019-11-11 00:21:02
372,Honiara,-9.43,159.96,86.0,70,75,8.05,SB,broken clouds,0.0,0.0,2019-11-11 00:22:22
373,Sierra Vista,31.55,-110.3,75.0,49,75,6.93,US,broken clouds,0.0,0.0,2019-11-11 00:22:22
374,Kulhudhuffushi,6.62,73.07,81.55,69,0,5.19,MV,clear sky,0.0,0.0,2019-11-11 00:20:32
375,Clyde River,70.47,-68.59,12.2,92,100,29.97,CA,snow,0.0,0.0,2019-11-11 00:20:15
376,Port-Cartier,50.03,-66.88,35.01,87,90,17.22,CA,overcast clouds,0.0,0.0,2019-11-11 00:20:45
377,Taoudenni,22.68,-3.98,64.65,24,0,5.95,ML,clear sky,0.0,0.0,2019-11-11 00:22:22
378,Inuvik,68.36,-133.71,8.6,55,5,2.93,CA,clear sky,0.0,0.0,2019-11-11 00:20:25
379,Cap Malheureux,-19.98,57.61,71.01,94,40,5.82,MU,scattered clouds,0.0,0.0,2019-11-11 00:22:23
380,Mehamn,71.03,27.85,23.31,81,61,13.13,NO,broken clouds,0.0,0.0,2019-11-11 00:20:26
381,Luganville,-15.51,167.18,82.4,69,75,5.82,VU,broken clouds,0.0,0.0,2019-11-11 00:22:23
382,Salem,44.94,-123.03,55.0,87,90,8.05,US,mist,0.0,0.0,2019-11-11 00:22:23
383,Nichinan,31.65,131.31,66.2,68,20,14.99,JP,few clouds,0.0,0.0,2019-11-11 00:22:23
384,Pochutla,15.74,-96.47,86.0,74,40,8.32,MX,scattered clouds,0.0,0.0,2019-11-11 00:22:24
385,La Libertad,-16.38,-71.56,59.0,58,75,3.36,PE,broken clouds,0.0,0.0,2019-11-11 00:22:24
386,Kangaatsiaq,68.31,-53.46,40.17,55,100,25.77,GL,overcast clouds,0.0,0.0,2019-11-11 00:22:24
387,Roald,62.58,6.12,26.6,79,0,6.93,NO,clear sky,0.0,0.0,2019-11-11 00:19:57
388,Tokmak,47.26,35.7,48.25,88,0,10.94,UA,clear sky,0.0,0.0,2019-11-11 00:22:24
389,Avarua,-21.21,-159.78,75.2,78,0,9.17,CK,light rain,0.0,0.0,2019-11-11 00:19:48
390,Roma,41.89,12.48,57.2,81,75,9.17,IT,light rain,0.0,0.0,2019-11-11 00:15:00
391,Eyrarbakki,63.86,-21.15,42.8,70,90,28.86,IS,overcast clouds,0.0,0.0,2019-11-11 00:22:25
392,Polson,47.69,-114.16,27.0,49,20,20.8,US,few clouds,0.0,0.0,2019-11-11 00:22:25
393,Chifeng,42.27,118.96,35.76,53,0,7.9,CN,clear sky,0.0,0.0,2019-11-11 00:18:03
394,Ambon,47.55,-2.56,46.0,93,98,2.24,FR,overcast clouds,0.0,0.0,2019-11-11 00:22:25
395,Osorno,-40.57,-73.14,60.8,63,91,6.69,CL,overcast clouds,0.0,0.0,2019-11-11 00:22:26
396,Sungairaya,0.7,108.9,81.34,80,38,2.57,ID,scattered clouds,0.0,0.0,2019-11-11 00:22:26
397,Houston,29.76,-95.37,69.01,64,1,8.25,US,clear sky,0.0,0.0,2019-11-11 00:21:22
398,Ongole,15.51,80.05,73.63,85,44,4.72,IN,scattered clouds,0.0,0.0,2019-11-11 00:22:26
399,Makakilo City,21.35,-158.09,87.8,65,75,9.17,US,broken clouds,0.0,0.0,2019-11-11 00:15:44
400,Sulya,12.56,75.39,69.31,94,92,3.42,IN,overcast clouds,0.0,0.0,2019-11-11 00:22:26
401,Nouakchott,18.08,-15.98,73.4,56,100,10.29,MR,overcast clouds,0.0,0.0,2019-11-11 00:22:26
402,Fonte Boa,-2.51,-66.09,76.15,94,99,1.77,BR,light rain,1.44,0.0,2019-11-11 00:22:27
403,Lavrentiya,65.58,-170.99,34.63,89,100,12.64,RU,light rain,0.25,0.0,2019-11-11 00:20:01
404,Fomboni,-12.28,43.74,80.11,83,96,11.05,KM,overcast clouds,0.0,0.0,2019-11-11 00:22:27
405,Bandarbeyla,9.49,50.81,79.47,70,34,12.84,SO,light rain,0.25,0.0,2019-11-11 00:20:11
406,Lata,30.78,78.62,25.3,20,100,2.93,IN,overcast clouds,0.0,0.0,2019-11-11 00:19:40
407,Seremban,2.72,101.93,79.0,88,20,2.24,MY,thunderstorm,0.0,0.0,2019-11-11 00:22:27
408,Tanout,14.97,8.88,82.54,14,100,6.38,NE,overcast clouds,0.0,0.0,2019-11-11 00:22:28
409,Kansk,56.21,95.71,5.85,81,62,8.7,RU,broken clouds,0.0,0.0,2019-11-11 00:22:28
410,Porto Novo,-23.68,-45.44,71.6,88,40,5.82,BR,scattered clouds,0.0,0.0,2019-11-11 00:20:05
411,Rocha,-34.48,-54.34,53.82,95,0,6.78,UY,clear sky,0.0,0.0,2019-11-11 00:20:27
412,Kamenka,48.03,28.7,55.99,87,55,3.0,MD,broken clouds,0.0,0.0,2019-11-11 00:22:28
413,Tupik,54.43,119.94,7.66,91,100,4.29,RU,overcast clouds,0.0,0.0,2019-11-11 00:22:28
414,Otradnoye,59.77,30.8,44.6,87,75,4.47,RU,broken clouds,0.0,0.0,2019-11-11 00:22:28
415,Kieta,-6.22,155.63,83.57,67,86,6.33,PG,overcast clouds,0.0,0.0,2019-11-11 00:22:28
416,Komsomolets,52.77,41.29,38.32,94,84,8.34,RU,broken clouds,0.0,0.0,2019-11-11 00:22:29
417,Tutoia,-2.76,-42.27,74.26,90,65,4.88,BR,broken clouds,0.0,0.0,2019-11-11 00:19:53
418,Ban Dung,17.7,103.25,64.4,82,100,4.23,TH,overcast clouds,0.0,0.0,2019-11-11 00:22:29
419,Pandharpur,17.68,75.33,70.93,77,0,4.18,IN,clear sky,0.0,0.0,2019-11-11 00:22:29
420,Bereda,43.27,-7.54,51.01,93,90,8.05,ES,overcast clouds,0.0,0.0,2019-11-11 00:22:29
421,Itacoatiara,-3.14,-58.44,76.59,84,94,1.63,BR,light rain,1.25,0.0,2019-11-11 00:22:29
422,Wembley,55.15,-119.14,-2.21,84,20,2.24,CA,few clouds,0.0,0.0,2019-11-11 00:17:35
423,Am Timan,11.04,20.28,74.32,32,84,3.06,TD,broken clouds,0.0,0.0,2019-11-11 00:22:30
424,Dongying,37.43,118.67,50.52,44,0,3.2,CN,clear sky,0.0,0.0,2019-11-11 00:22:06
425,Dudinka,69.41,86.18,-11.21,83,75,8.95,RU,light shower snow,0.0,0.0,2019-11-11 00:19:39
426,Hobyo,5.35,48.53,76.96,82,15,10.45,SO,few clouds,0.0,0.0,2019-11-11 00:20:29
427,Emirdag,39.02,31.15,48.0,42,29,2.93,TR,scattered clouds,0.0,0.0,2019-11-11 00:22:30
428,Santa Isabel Do Rio Negro,-0.41,-65.02,77.14,89,100,2.21,BR,overcast clouds,0.0,0.0,2019-11-11 00:22:31
429,Adrar,27.87,-0.29,57.2,26,0,4.7,DZ,clear sky,0.0,0.0,2019-11-11 00:19:46
430,Soe,57.91,26.05,43.0,93,90,5.82,EE,overcast clouds,0.0,0.0,2019-11-11 00:22:31
431,Murmashi,68.82,32.82,-4.01,76,75,1.34,RU,light shower snow,0.0,0.0,2019-11-11 00:22:31
432,Vestmanna,62.16,-7.17,37.4,74,100,26.4,FO,light snow,0.0,0.38,2019-11-11 00:22:31
433,Camargo,27.69,-105.17,74.48,44,100,7.58,MX,overcast clouds,0.0,0.0,2019-11-11 00:22:31
434,Kupang,-10.16,123.6,86.0,62,20,5.82,ID,few clouds,0.0,0.0,2019-11-11 00:20:01
435,Yarmouth,43.84,-66.12,50.0,76,90,16.11,CA,overcast clouds,0.0,0.0,2019-11-11 00:20:24
436,Broome,52.47,1.45,45.0,100,88,4.7,GB,overcast clouds,0.0,0.0,2019-11-11 00:20:30
437,Goderich,43.74,-81.71,37.99,85,100,4.25,CA,overcast clouds,0.0,0.0,2019-11-11 00:20:11
438,Flinders,-34.58,150.85,78.01,37,67,8.05,AU,broken clouds,0.0,0.0,2019-11-11 00:19:52
439,Pontal Do Parana,-25.67,-48.51,73.99,93,90,6.93,BR,light intensity drizzle rain,0.0,0.0,2019-11-11 00:22:32
440,Ugoofaaru,5.67,73.0,82.17,74,48,9.64,MV,scattered clouds,0.0,0.0,2019-11-11 00:22:32
441,Boa Vista,2.82,-60.67,84.2,62,100,6.93,BR,overcast clouds,0.0,0.0,2019-11-11 00:22:32
442,Peace River,56.23,-117.29,-2.21,77,20,9.17,CA,few clouds,0.0,0.0,2019-11-11 00:22:32
443,Yumen,40.29,97.04,29.05,46,83,5.26,CN,broken clouds,0.0,0.0,2019-11-11 00:20:29
444,Illapel,-31.63,-71.17,57.11,66,18,1.68,CL,few clouds,0.0,0.0,2019-11-11 00:22:33
445,Ilabaya,-17.42,-70.51,57.38,75,18,1.61,PE,few clouds,0.0,0.0,2019-11-11 00:22:33
446,Muros,42.77,-9.06,57.99,100,90,1.12,ES,light intensity drizzle rain,0.0,0.0,2019-11-11 00:22:33
447,Viedma,-40.81,-62.99,53.67,78,76,15.35,AR,light rain,0.19,0.0,2019-11-11 00:22:33
448,Quartucciu,39.25,9.18,57.2,87,100,10.29,IT,moderate rain,0.0,0.0,2019-11-11 00:22:33
449,Atar,20.52,-13.05,73.49,17,31,13.42,MR,scattered clouds,0.0,0.0,2019-11-11 00:20:25
450,Reinosa,43.0,-4.14,50.0,87,75,10.29,ES,broken clouds,0.0,0.0,2019-11-11 00:22:34
451,Siderno,38.28,16.3,64.0,77,75,8.05,IT,moderate rain,0.0,0.0,2019-11-11 00:22:34
452,Nizhneangarsk,55.78,109.57,-17.31,84,0,6.35,RU,clear sky,0.0,0.0,2019-11-11 00:22:34
453,Sobolevo,54.43,31.9,47.25,92,100,12.75,RU,overcast clouds,0.0,0.0,2019-11-11 00:20:20
454,San Luis,-33.3,-66.34,77.31,49,56,17.94,AR,broken clouds,0.0,0.0,2019-11-11 00:22:34
455,Sao Joao Do Piaui,-8.36,-42.25,81.7,30,99,3.33,BR,overcast clouds,0.0,0.0,2019-11-11 00:22:34
456,Vanavara,60.35,102.28,-14.28,97,92,4.74,RU,overcast clouds,0.0,0.0,2019-11-11 00:22:34
457,Mojokerto,-7.46,112.43,81.7,69,75,2.35,ID,broken clouds,0.0,0.0,2019-11-11 00:22:35
458,Senno,57.76,27.95,42.8,100,100,4.47,RU,overcast clouds,0.0,0.0,2019-11-11 00:22:35
459,Sile,35.56,-106.37,62.6,15,1,10.29,US,clear sky,0.0,0.0,2019-11-11 00:22:35
460,Turayf,31.68,38.65,55.4,37,44,6.93,SA,scattered clouds,0.0,0.0,2019-11-11 00:22:35
461,Novita,4.96,-76.61,72.21,97,84,0.96,CO,moderate rain,4.25,0.0,2019-11-11 00:22:35
462,Coracora,-15.02,-73.78,49.86,75,100,3.69,PE,light rain,0.37,0.0,2019-11-11 00:22:35
463,Margate,-43.03,147.26,68.0,42,100,9.17,AU,overcast clouds,0.0,0.0,2019-11-11 00:16:04
464,Mmabatho,-25.85,25.61,68.0,56,78,11.41,ZA,light rain,1.19,0.0,2019-11-11 00:22:36
465,Gallup,35.53,-108.74,59.0,20,1,8.05,US,clear sky,0.0,0.0,2019-11-11 00:22:36
466,Loudi,27.73,112.0,60.8,56,17,1.1,CN,few clouds,0.0,0.0,2019-11-11 00:22:36
467,Turinsk,58.04,63.7,21.63,82,99,5.79,RU,overcast clouds,0.0,0.0,2019-11-11 00:22:36
468,Benguela,-12.58,13.4,78.08,88,52,6.08,AO,broken clouds,0.0,0.0,2019-11-11 00:19:38
469,Maragua,-0.8,37.13,62.6,93,40,6.93,KE,scattered clouds,0.0,0.0,2019-11-11 00:22:36
470,Eravur,7.77,81.61,74.73,90,37,3.49,LK,scattered clouds,0.0,0.0,2019-11-11 00:22:36
471,Bar Harbor,44.39,-68.2,48.0,56,90,4.7,US,overcast clouds,0.0,0.0,2019-11-11 00:22:36
472,Riobamba,-1.67,-78.65,75.2,78,40,2.24,EC,scattered clouds,0.0,0.0,2019-11-11 00:22:37
473,Dolores,-33.53,-58.22,72.0,69,0,5.01,UY,clear sky,0.0,0.0,2019-11-11 00:22:37
474,Barcelos,-0.97,-62.93,77.11,88,90,2.64,BR,overcast clouds,0.0,0.0,2019-11-11 00:22:37
475,Yarada,17.65,83.27,73.4,94,20,2.24,IN,mist,0.0,0.0,2019-11-11 00:22:37
476,Khrenovoye,51.12,40.29,38.59,94,23,7.25,RU,few clouds,0.0,0.0,2019-11-11 00:22:37
477,Alad,13.37,121.08,79.0,88,75,1.99,PH,broken clouds,0.0,0.0,2019-11-11 00:22:37
478,Rongcheng,37.16,122.42,54.7,62,0,13.82,CN,clear sky,0.0,0.0,2019-11-11 00:22:37
479,Port Lincoln,-34.72,135.86,83.12,16,0,23.0,AU,clear sky,0.0,0.0,2019-11-11 00:19:52
480,Naples,40.84,14.25,63.0,71,40,4.7,IT,scattered clouds,0.0,0.0,2019-11-11 00:22:38
481,Ambovombe,-25.18,46.09,65.64,87,4,7.34,MG,clear sky,0.0,0.0,2019-11-11 00:22:38
482,Buluang,10.47,123.98,82.4,74,75,2.24,PH,broken clouds,0.0,0.0,2019-11-11 00:22:38
483,Igarka,67.47,86.57,-8.97,99,93,3.62,RU,overcast clouds,0.0,0.0,2019-11-11 00:22:38
484,Yemtsa,63.06,40.33,35.22,99,100,2.68,RU,light rain,1.25,0.0,2019-11-11 00:22:38
485,Ozernovskiy,51.5,156.52,35.71,71,96,17.31,RU,light snow,0.0,0.94,2019-11-11 00:22:38
486,Mount Isa,-20.73,139.49,91.4,7,82,10.29,AU,broken clouds,0.0,0.0,2019-11-11 00:21:20
487,Reutov,55.76,37.86,45.0,93,90,8.95,RU,mist,0.0,0.0,2019-11-11 00:22:39
488,San Rafael,-34.61,-68.33,78.8,54,40,19.46,AR,thunderstorm,0.0,0.0,2019-11-11 00:15:13
489,Otane,-39.89,176.62,63.0,62,63,15.99,NZ,broken clouds,0.06,0.0,2019-11-11 00:22:39
490,Alofi,-19.06,-169.92,82.4,61,22,16.11,NU,few clouds,0.0,0.0,2019-11-11 00:19:50
491,Le Port,42.87,1.37,39.99,74,55,5.01,FR,broken clouds,0.06,0.0,2019-11-11 00:22:39
492,Voyinka,45.87,33.99,52.97,79,7,4.43,UA,clear sky,0.0,0.0,2019-11-11 00:22:39
493,Dzhebariki-Khaya,62.22,135.8,-13.46,97,97,0.49,RU,overcast clouds,0.0,0.0,2019-11-11 00:22:40
494,Baykit,61.68,96.39,-19.84,97,96,2.37,RU,overcast clouds,0.0,0.0,2019-11-11 00:17:42
495,Aleksandrovskoye,56.74,85.39,6.01,84,20,4.47,RU,few clouds,0.0,0.0,2019-11-11 00:22:40
496,Monduli,-3.3,36.45,64.4,100,75,10.29,TZ,broken clouds,0.0,0.0,2019-11-11 00:22:40
497,Farnham,45.28,-72.97,44.01,97,90,11.41,CA,light rain,0.0,0.0,2019-11-11 00:22:40
498,Tuy Hoa,13.08,109.3,78.03,86,100,18.59,VN,light rain,0.69,0.0,2019-11-11 00:22:40
499,Tripoli,37.51,22.37,57.99,87,0,4.7,GR,clear sky,0.0,0.0,2019-11-11 00:22:40
500,Catuday,16.29,119.81,80.55,74,73,2.01,PH,broken clouds,0.0,0.0,2019-11-11 00:22:41
501,Moron,18.56,-74.26,80.73,78,2,11.61,HT,light rain,0.63,0.0,2019-11-11 00:22:41
502,Kosino,52.56,19.93,42.01,93,75,4.7,PL,light rain,0.0,0.0,2019-11-11 00:22:41
503,Valparaiso,41.47,-87.06,43.0,75,90,5.82,US,overcast clouds,0.0,0.0,2019-11-11 00:22:23
504,Calarasi,44.2,27.33,59.0,81,32,1.01,RO,scattered clouds,0.0,0.0,2019-11-11 00:22:41
505,Namatanai,-3.66,152.44,83.48,68,90,5.59,PG,overcast clouds,0.0,0.0,2019-11-11 00:20:16
506,Maymyo,22.03,96.47,77.0,88,90,3.36,MM,mist,0.0,0.0,2019-11-11 00:22:41
507,Lahad Datu,5.02,118.33,80.31,78,0,1.05,MY,clear sky,0.0,0.0,2019-11-11 00:22:42
508,Labuhan,-2.54,115.51,82.27,69,0,0.85,ID,clear sky,0.0,0.0,2019-11-11 00:18:15
509,Nemuro,43.32,145.57,42.8,60,75,6.93,JP,broken clouds,0.0,0.0,2019-11-11 00:22:42
510,Pangai,-19.8,-174.35,82.4,69,75,10.29,TO,broken clouds,0.0,0.0,2019-11-11 00:19:43
511,Ortakoy,38.74,34.04,41.0,65,2,8.05,TR,clear sky,0.0,0.0,2019-11-11 00:22:42
512,Fare,-16.7,-151.02,80.02,79,100,11.65,PF,moderate rain,3.88,0.0,2019-11-11 00:19:45
513,Kununurra,-15.77,128.74,91.4,49,72,4.7,AU,broken clouds,0.0,0.0,2019-11-11 00:19:54
514,Dhidhdhoo,6.88,73.1,81.45,68,0,4.85,MV,clear sky,0.0,0.0,2019-11-11 00:22:42
515,Sorland,67.67,12.69,33.85,55,0,17.07,NO,clear sky,0.0,0.0,2019-11-11 00:19:33
516,Myitkyina,25.38,97.4,62.91,92,85,1.95,MM,overcast clouds,0.0,0.0,2019-11-11 00:20:31
517,Muli,28.08,109.56,58.86,64,70,0.67,CN,broken clouds,0.0,0.0,2019-11-11 00:22:43
518,Aksarka,66.56,67.8,-5.41,90,33,7.23,RU,scattered clouds,0.0,0.0,2019-11-11 00:20:33
519,Karangampel,-6.46,108.44,82.67,64,0,2.98,ID,clear sky,0.0,0.0,2019-11-11 00:22:43
520,Hare Bay,48.86,-53.99,28.4,79,75,9.17,CA,broken clouds,0.0,0.0,2019-11-11 00:22:43
521,Soldotna,60.48,-151.07,39.99,60,1,5.82,US,clear sky,0.0,0.0,2019-11-11 00:22:43
522,Seymchan,62.93,152.39,1.13,95,100,4.12,RU,light snow,0.0,0.69,2019-11-11 00:22:44
523,Bratsk,56.15,101.63,-5.01,83,20,6.71,RU,few clouds,0.0,0.0,2019-11-11 00:22:44
